title,body,image,url
@jocoding,"AI ë‰´ìŠ¤ - í…ŒìŠ¬ë¼ ë¡œë´‡ ì¸ê°„ ê³µê²© ë…¼ë€, GPT-4 ë¬´ë£Œ, êµ¬ê¸€ AIë¡œ 3ë§Œëª… í•´ê³  í˜„ì‹¤í™” ë“±",https://img.youtube.com/vi/RX6kB9L0UYY/0.jpg,https://www.youtube.com/watch?v=RX6kB9L0UYY
@jocoding,êµ¬ë…ìë¶„ë“¤ ì—°ì•  ì‹œì¼œë“œë¦¬ë ¤ê³  ëª¨ì˜€ìŠµë‹ˆë‹¤ | ê°œë°œì ì†Œê°œíŒ… Break; or Loop | Ep.0,https://img.youtube.com/vi/HcYCN9KIfEU/0.jpg,https://www.youtube.com/watch?v=HcYCN9KIfEU
@jocoding,ì±—GPT API ì œëŒ€ë¡œ í™œìš©í•˜ëŠ” ë°©ë²• Assistants API ì‹¤ì „ í™œìš© ê°•ì˜,https://img.youtube.com/vi/LdYb356GXeI/0.jpg,https://www.youtube.com/watch?v=LdYb356GXeI
@jocoding,"AI ë‰´ìŠ¤ - ë¯¸ë“œì €ë‹ˆ V6, ìˆ˜ë…¸ ì‘ê³¡ AI, êµ¬ê¸€ VideoPoet, ì• í”Œ LMM ì˜¤í”ˆì†ŒìŠ¤ ê³µê°œ ë¯¸ë˜ì˜ˆì¸¡ AI ë“±",https://img.youtube.com/vi/lycXwk_twLI/0.jpg,https://www.youtube.com/watch?v=lycXwk_twLI
@jocoding,ê³ í€„ AI ì·¨ì—…/ì°½ì—… êµìœ¡ì„ 10ê°œì›”ê°„ ë¬´ë£Œë¡œ í•´ì¤€ë‹¤ê³ ?! 'ì´ì–´ë“œë¦¼ìŠ¤ì¿¨' ì§ì ‘ ì°¾ì•„ê°€ë´¤ìŠµë‹ˆë‹¤!,https://img.youtube.com/vi/BWBjvrL15RA/0.jpg,https://www.youtube.com/watch?v=BWBjvrL15RA
@jocoding,ì–¼êµ´ë¡œ ì›€ì§ì´ëŠ” íœ ì²´ì–´ ã„·ã„· |  2023 ICT ë©˜í† ë§ ì—‘ìŠ¤í¬ í˜ìŠ¤í‹°ë²Œ,https://img.youtube.com/vi/TNFr3c0TzJA/0.jpg,https://www.youtube.com/watch?v=TNFr3c0TzJA
@jocoding,"AI ë‰´ìŠ¤ - GPT 4.5 ìœ ì¶œ, í…ŒìŠ¬ë¼ ì˜µí‹°ë¨¸ìŠ¤2 ì¶œì‹œ, ëŒ€ëŸ‰ ì‹¤ì§ í˜„ì‹¤í™”, ì•Œë¦¬ë°”ë°” ì˜ìƒ AI, Gemini ë¬´ë£Œ API, ì¸ê³µì§€ëŠ¥ ì—°ë§ íœ´ê°€ ë“±",https://img.youtube.com/vi/KpPvzD1tc0I/0.jpg,https://www.youtube.com/watch?v=KpPvzD1tc0I
@jocoding,ì¸ê°„ ë›°ì–´ë„˜ì€ ìµœì´ˆì˜ AI ì œë¯¸ë‚˜ì´ ì´ ì •ë¦¬ì™€ 3ê°€ì§€ ë…¼ë€,https://img.youtube.com/vi/xsLVFZDpNIs/0.jpg,https://www.youtube.com/watch?v=xsLVFZDpNIs
@jocoding,"AI ë‰´ìŠ¤ - ì¶¤ ë³µì œ AI, SDXL Turbo, ë”¥ë§ˆì¸ë“œ ì´ˆì „ë„ì²´ ì°¾ë‚˜?, ë©”íƒ€ ë²ˆì—­ AI, ì• í”Œ ëª©ì†Œë¦¬ ë³µì œ ë“±",https://img.youtube.com/vi/9bLmTRqA2IA/0.jpg,https://www.youtube.com/watch?v=9bLmTRqA2IA
@jocoding,"AGI Q*, ìì‘ê·¹, ì‚¬ì  ë³µìˆ˜ ë“± ì˜¤í”ˆAI ì‚¬íƒœì— ëŒ€í•œ 6ê°€ì§€ ì´ìœ ì™€ ì°ë“¤",https://img.youtube.com/vi/u9_nfluIx2U/0.jpg,https://www.youtube.com/watch?v=u9_nfluIx2U
@jocoding,"AI ë‰´ìŠ¤ - Stable Video ê³µê°œ, ë°”ë“œ ìœ íŠœë¸Œ í†µí•©, ê·¸ë¡ íŠ¸ìœ„í„° í†µí•©, ì¸ê³µì§€ëŠ¥ êµíšŒ ë¶€í™œ, ì£¼3ì¼ ê·¼ë¬´ ë“±",https://img.youtube.com/vi/jGalWWw0fKU/0.jpg,https://www.youtube.com/watch?v=jGalWWw0fKU
@jocoding,"AI ë‰´ìŠ¤ - GPT-5, ë”¥ë§ˆì¸ë“œ ì‘ê³¡ AI, MS ë”¥í˜ì´í¬, ë©”íƒ€ ì˜ìƒ AI, ì˜¤í”ˆ ì†ŒìŠ¤ ë°œì „ ë“±",https://img.youtube.com/vi/LKtY7b_ejI0/0.jpg,https://www.youtube.com/watch?v=LKtY7b_ejI0
@jocoding,ğŸ’¾AI í•™ìŠµìš© ë°ì´í„° ë‹¤ìš´ ë°›ê³  ìƒí’ˆë„ ë°›ì•„ê°€ì„¸ìš”!ğŸ || ë” ì‰½ê³  ë¹¨ë¼ì§„ 'AI í—ˆë¸Œ',https://img.youtube.com/vi/wWHsIpnMuWc/0.jpg,https://www.youtube.com/watch?v=wWHsIpnMuWc
@jocoding,ìš”ì¦˜ AI ì—…ê³„ ë‚œë¦¬ë‚œ ì±—GPT CEO í•´ê³ ì™€ ë³µì§ ì‚¬íƒœ ì´ì •ë¦¬ (ft. ì˜¤í”ˆAI ìƒ˜ ì•ŒíŠ¸ë§Œ),https://img.youtube.com/vi/uQ4HOq4MeD0/0.jpg,https://www.youtube.com/watch?v=uQ4HOq4MeD0
@jocoding,ê¸´ê¸‰) ì—¬ëŸ¬ë¶„ì˜ ì»´í“¨í„°ì—ë„ ìˆìŠµë‹ˆë‹¤ ë‹¹ì¥ ì‚­ì œí•˜ì„¸ìš”!!!,https://img.youtube.com/vi/U5uxDZcmR7Y/0.jpg,https://www.youtube.com/watch?v=U5uxDZcmR7Y
@jocoding,"AI ë‰´ìŠ¤ - ì˜¤í”ˆAI ì—…ë°ì´íŠ¸ ìš”ì•½ ë° GPTs ë§Œë“¤ê³  ì¶œì‹œí•˜ê¸°, AI í•€, ì‚¼ì„± AI ê°€ìš°ìŠ¤, Gen-2 ì—…ë°ì´íŠ¸ ë“±",https://img.youtube.com/vi/tF6eUYjBhsI/0.jpg,https://www.youtube.com/watch?v=tF6eUYjBhsI
@jocoding,"AI ë‰´ìŠ¤ - ì¼ë¡  xAI Grok ì¶œì‹œ, OpenAI ìœ ì¶œ, ê°ì • ê³µê° AI, ì˜ìƒ AI í˜ì‹ , ì„±ìš° ë…¼ë€, ë°”ì´ë“  AI ê·œì œ, K-AGI ë“±",https://img.youtube.com/vi/g7Dpu14iuok/0.jpg,https://www.youtube.com/watch?v=g7Dpu14iuok
@jocoding,AI ì„œë¹„ìŠ¤ ì œì‘ì˜ ê¸°ë°˜ì´ ë˜ëŠ” í´ë¼ìš°ë“œ 'ë¬´ë£Œ'ë¡œ ë°°ì›Œë³´ì„¸ìš”! (ft. AWSomeday),https://img.youtube.com/vi/ERj5l2q-35o/0.jpg,https://www.youtube.com/watch?v=ERj5l2q-35o
@jocoding,"1.1 AI ì‹œëŒ€ ì§€ê¸ˆ ë‹¹ì¥ ë­ì²´ì¸ì„ ë°°ì›Œì•¼í•˜ëŠ” ì´ìœ  (ft. ChatGPT, LLaMA2, RAG)",https://img.youtube.com/vi/gHChC4Tgxq0/0.jpg,https://www.youtube.com/watch?v=gHChC4Tgxq0
@jocoding,ìš”ì¦˜ ë‚œë¦¬ë‚œ ê°œë°œìë“¤ ê·¹ëŒ€ë…¸í•œ Next.js ë¯¸ì¹œ ì—…ë°ì´íŠ¸ ã„·ã„·,https://img.youtube.com/vi/8wfeIXahttg/0.jpg,https://www.youtube.com/watch?v=8wfeIXahttg
@jocoding,"AI ë‰´ìŠ¤ - GPT í†µí•©, ë©”íƒ€í•™ìŠµ, ë¡œë´‡ ê²°í•©, AI ê´‘ê³  í˜ì‹ , ì˜ˆìˆ  AI íŒŒê´´, ììœ¨ì£¼í–‰ ì‹œì‘, ì‹ ì¢… íƒˆì˜¥ ë“±",https://img.youtube.com/vi/ANSgHj5TltU/0.jpg,https://www.youtube.com/watch?v=ANSgHj5TltU
@jocoding,AI ì»¤ë²„ ì‚¬ì´ ìˆ¨ì€ ì§„ì§œ ê°€ìˆ˜ ì°¾ê¸° (feat. í´í‚´) | AIí´ë¡ ì‹±ì–´ í´í‚´í¸,https://img.youtube.com/vi/cKvmcKP8p6s/0.jpg,https://www.youtube.com/watch?v=cKvmcKP8p6s
@jocoding,ì¸ê³µì§€ëŠ¥ íƒ‘ì¬í•œ ìµœì‹  Meta ìŠ¤ë§ˆíŠ¸ ì•ˆê²½ ë¦¬ë·°ê²¸ ë¸Œì´ë¡œê·¸ (ft. YouTube Media Summit),https://img.youtube.com/vi/fy4Vc7qqwDU/0.jpg,https://www.youtube.com/watch?v=fy4Vc7qqwDU
@jocoding,"AI ë‰´ìŠ¤ - ë©”íƒ€ ì‹¤ì‹œê°„ ìƒê° ì½ëŠ” AI, ì˜¤í”ˆAI AGI, êµ¬ê¸€ Gemini ìœ ì¶œ, AIë¡œ ì§„í™”í•˜ëŠ” ê°•í™”í•™ìŠµ ë“±",https://img.youtube.com/vi/4qKBI7JtOCM/0.jpg,https://www.youtube.com/watch?v=4qKBI7JtOCM
@jocoding,"íŒì‚¬, ê°œë°œì ë“± ì§ì—…ì˜ ì¢…ë§, AGI, ê¸°ë³¸ì†Œë“, ì˜ˆìˆ ê³¼ ì €ì‘ê¶Œ, ì˜ì‹, ì‹œë®¬ë ˆì´ì…˜ ë“± | ì¡°ì½”ë”©ì˜ íŒŸìºìŠ¤íŠ¸ #1 Part 2",https://img.youtube.com/vi/tPul4xH2GAo/0.jpg,https://www.youtube.com/watch?v=tPul4xH2GAo
@jocoding,AI í´ë¡ ì‹±ì–´ ì •ë‹µ ì˜¤ë¥˜ ì •ë§ ì£„ì†¡í•©ë‹ˆë‹¤,https://img.youtube.com/vi/H7WnQ5m6xf8/0.jpg,https://www.youtube.com/watch?v=H7WnQ5m6xf8
@jocoding,"AI ë‰´ìŠ¤ - ì–´ë„ë¹„ MAX, ìƒê° ì½ëŠ” AI, í˜„ì‹¤ ì‹œë®¬ë ˆì´ì…˜, ë‹¬ë¦¬ í”„ë¡¬í”„íŠ¸ ìœ ì¶œ, ì˜¤í”ˆAI ë§¤ì¶œ ê³µê°œ ë“±",https://img.youtube.com/vi/PZjiiWvK8sU/0.jpg,https://www.youtube.com/watch?v=PZjiiWvK8sU
@jocoding,"í•˜ë£¨ ë§¤ì¶œ 1ì–µ ì„¸ì´í´ëŸ½, 350ì–µ ì²«ëˆˆ ì—‘ì‹¯, 5ì–µ ì‚¬ìš©ì B612, ì‰¬ìš´ ë”¥ëŸ¬ë‹, ë³´ì´ì €ì—‘ìŠ¤ ì°½ì—… | ì¡°ì½”ë”©ì˜ íŒŸìºìŠ¤íŠ¸ #1 Part 1",https://img.youtube.com/vi/LeNe13HbEBw/0.jpg,https://www.youtube.com/watch?v=LeNe13HbEBw
@jocoding,"AI ë‰´ìŠ¤ - ë©€í‹°ëª¨ë‹¬ ì†Œë¦„ë‹ëŠ” ê·¼í™©, GPT-4Vê¸‰ ì˜¤í”ˆì†ŒìŠ¤, AI ì••ì¶• ì•Œê³ ë¦¬ì¦˜ ë°œëª…, ë”¥í˜ì´í¬ ë…¼ë€, AIê°€ ì œì‘í•œ ë¡œë´‡, ììœ¨ì£¼í–‰ ë°ì´í„° ìƒì„± ë“±",https://img.youtube.com/vi/6ZSAhjPaIPQ/0.jpg,https://www.youtube.com/watch?v=6ZSAhjPaIPQ
@jocoding,"AI ë‰´ìŠ¤ -  ë©€í‹°ëª¨ë‹¬ ì±—GPT ê·¼í™©, AI ì–¸ì–´ ì •ë³µ, DALLÂ·E 3 ì‚¬ìš©ê°€ëŠ¥, í€˜ìŠ¤íŠ¸3, VR íŒŸìºìŠ¤íŠ¸, ì•„ë§ˆì¡´ ì¸ê³µì§€ëŠ¥ 5ì¡° íˆ¬ì ë“±",https://img.youtube.com/vi/trhjHQzH6rk/0.jpg,https://www.youtube.com/watch?v=trhjHQzH6rk
@jocoding,"AI ë‰´ìŠ¤ - DALLÂ·E 3, ìœ íŠœë¸Œ AI, ìœˆë„ìš° ê·¸ë¦¼íŒ AI íƒ‘ì¬, ì½”íŒŒì¼ëŸ¿ Chat, ì‹¬í˜¸í¡í•˜ëŠ” AI, ì™“ì¸ ì•± ëŒ€í™” AI ë“±",https://img.youtube.com/vi/yfLoNR89LaE/0.jpg,https://www.youtube.com/watch?v=yfLoNR89LaE
@jocoding,"ë­ì²´ì¸ìœ¼ë¡œ ìˆ˜ìµí˜• AI ì›¹ì„œë¹„ìŠ¤ ë§Œë“¤ê¸° with ChatGPT, LLaMA 2, RAG",https://img.youtube.com/vi/EWKbZFqiCsE/0.jpg,https://www.youtube.com/watch?v=EWKbZFqiCsE
@jocoding,ìš”ì¦˜ ê°œë°œì ì¬íƒê·¼ë¬´ ê·¼í™©,https://img.youtube.com/vi/10mAcOweBkU/0.jpg,https://www.youtube.com/watch?v=10mAcOweBkU
@jocoding,AIëŠ” ë³¸ì¸ì´ ê²Œì„ ì† NPCì¸ì§€ ì•Œê¹Œ??ğŸ¤” || 'Smart NPCs for Unreal Engine',https://img.youtube.com/vi/eHH2ajTtbsY/0.jpg,https://www.youtube.com/watch?v=eHH2ajTtbsY
@jocoding,"AI ë‰´ìŠ¤ - í”„ë¡ íŠ¸ì—”ë“œ ì¢…ë§, 3ì´ˆ ëª©ì†Œë¦¬ ë³µì œ TTS, ì–´ë„ë¹„ í”„ë¦¬ë¯¸ì–´ AI, ì œë¯¸ë‹ˆ ì¶œì‹œ ì„ë°• ë“±",https://img.youtube.com/vi/jW8zDf13mlk/0.jpg,https://www.youtube.com/watch?v=jW8zDf13mlk
@jocoding,"AI ë‰´ìŠ¤ - ì¸ê°„ ë³µì œ AI ë…¼ë€, ì¼ë¡  ë¨¸ìŠ¤í¬ í°ê·¸ë¦¼, íŒ”ì½˜ 180B ì˜¤í”ˆì†ŒìŠ¤, ì• í”Œ AI í•˜ë£¨ ìˆ˜ì‹­ì–µ íˆ¬ì ë“±",https://img.youtube.com/vi/OHGjOT3FcJQ/0.jpg,https://www.youtube.com/watch?v=OHGjOT3FcJQ
@jocoding,ìš”ì¦˜ ë‚œë¦¬ë‚œ TypeScript í‡´ì¶œ ë…¼ë€ ã„·ã„· ë…¸ë“œì™€ íŒŒì´ì¬ê¹Œì§€?!,https://img.youtube.com/vi/BBGE5NARkjc/0.jpg,https://www.youtube.com/watch?v=BBGE5NARkjc
@jocoding,ë‚´ ì„œë¹„ìŠ¤ë¡œ ê¸ˆìœµ ëŒ€ê¸°ì—…ì˜ íˆ¬ìì™€ í˜‘ì—… ê¸°íšŒë¥¼?! || ì—”í„°í”Œ ì‹±ì»¤í†¤ ì‹œì¦Œ 3,https://img.youtube.com/vi/_8hHVXbKvDY/0.jpg,https://www.youtube.com/watch?v=_8hHVXbKvDY
@jocoding,"AI ë‰´ìŠ¤ - êµ¬ê¸€ GPT-4 5ë°° ì•ì„°ë‹¤, AI ì½”ë”© íš¨ìœ¨, AI ì›Œí„°ë§ˆí¬, AI ë§Œí™” ìƒì„±ê¸° ë“±",https://img.youtube.com/vi/a-ExbsbTKxE/0.jpg,https://www.youtube.com/watch?v=a-ExbsbTKxE
@jocoding,"ì‹¬í™”ë˜ëŠ” AI ì €ì‘ê¶Œ ë…¼ë€, ë¯¸êµ­ ì €ì‘ê¶Œì²­ì˜ ê²°ì •ì€?",https://img.youtube.com/vi/z9Vst07CX88/0.jpg,https://www.youtube.com/watch?v=z9Vst07CX88
@jocoding,"AIë‰´ìŠ¤ - ì˜¤í”ˆì†ŒìŠ¤ GPT-4 ì•ì„°ë‹¤, AI ë²ˆì—­ ìµœê°•ì, ì „í™”í•˜ëŠ” AI, í—ˆê¹…í˜ì´ìŠ¤ 6ì¡° ë“±",https://img.youtube.com/vi/i92H8cOI8ZI/0.jpg,https://www.youtube.com/watch?v=i92H8cOI8ZI
@jocoding,980ê°œì˜ AI ì„œë¹„ìŠ¤ ì¤‘ ê³¼ì—° 1ë“±ì€??ğŸ¤”|| 2023 AIí•´ì»¤í†¤ ìŠ¤ì¼€ì¹˜ ì˜ìƒ,https://img.youtube.com/vi/DBP6pfRRWnQ/0.jpg,https://www.youtube.com/watch?v=DBP6pfRRWnQ
@jocoding,"AI ë‰´ìŠ¤ - ìŠ¤ë…¸ìš° ìˆ˜ìµ ê³µê°œ, ì—”ì”¨ ìµœê°• í•œêµ­ì–´ ëª¨ë¸, ìˆ˜ëŠ¥ êµ­ì–´ 5%, ì˜¤í”ˆ AI ì²« ì¸ìˆ˜ ë“±",https://img.youtube.com/vi/xyE5g0FZgyA/0.jpg,https://www.youtube.com/watch?v=xyE5g0FZgyA
@jocoding,"AI ë‰´ìŠ¤ - ì—”ë¹„ë””ì•„ ê·¼í™©, ë¯¸êµ­ vs ì¤‘êµ­ AI ì „ìŸ, AI ì •ì¹˜ ì„±í–¥, ë”¥í˜ì´í¬ í•©ë²•í™”, í‚¤ë³´ë“œ í•´í‚¹, ì‹œë®¬ë ˆì´ì…˜ ì˜¤í”ˆì†ŒìŠ¤ ê³µê°œ ë“±",https://img.youtube.com/vi/RQEwsrNGOlI/0.jpg,https://www.youtube.com/watch?v=RQEwsrNGOlI
@jocoding,ì½”ë”© 1ë…„ ë°°ìš°ê³  ì „êµ­ í•™êµ ë’¤í”ë“  ë ˆì „ë“œ ì¤‘í•™ìƒ ê°œë°œì ì¸í„°ë·°,https://img.youtube.com/vi/brYCFFWA_6M/0.jpg,https://www.youtube.com/watch?v=brYCFFWA_6M
@jocoding,"AI ë‰´ìŠ¤ - AI ì¸í”Œë£¨ì–¸ì„œ ì‹œëŒ€, GPT-5 ì†Œì‹, í•œêµ­ ì±—GPT ë„˜ì–´ 1ìœ„ ë‹¬ì„±, ì—”ë¹„ë””ì•„ ì´ˆì†Œí˜• ìƒì„± AI ë“±",https://img.youtube.com/vi/bxTZkYPq-_o/0.jpg,https://www.youtube.com/watch?v=bxTZkYPq-_o
@jocoding,êµ¬ê¸€ ë³¸ì‚¬ ì‹¤ë¬´ì§„ì—ê²Œ AI í•´ìê°€ ì—†ëŠ”ì§€ ë¬¼ì–´ë³´ì•˜ìŠµë‹ˆë‹¤ã„·ã„·,https://img.youtube.com/vi/7SeNukN_qjI/0.jpg,https://www.youtube.com/watch?v=7SeNukN_qjI
@jocoding,ì½”ë”© êµìœ¡ 30ë…„ì°¨ê°€ ì•Œë ¤ì£¼ëŠ” ì§„ì§œ ê°œë°œì ë˜ëŠ” ë°©ë²• (ft. ì´ë¯¼ì„ êµìˆ˜ë‹˜),https://img.youtube.com/vi/-ae2zvNl978/0.jpg,https://www.youtube.com/watch?v=-ae2zvNl978
@jocoding,ìµœì‹  íŒŒì´ì¬ ê¸°ì´ˆ - 6ê°• íŒŒì´ì¬ ë‚ ê°œ ë‹¬ê¸° | 2023 ì í”„ íˆ¬ íŒŒì´ì¬,https://img.youtube.com/vi/hY-MlUJc01E/0.jpg,https://www.youtube.com/watch?v=hY-MlUJc01E
@jocoding,ì—„ì²­ë‚œ í˜œíƒì´ ìˆëŠ” ë°ì´í„°ì•ˆì‹¬êµ¬ì—­ì˜ ëª¨ë“  ê²ƒ,https://img.youtube.com/vi/1UOglyuqs0U/0.jpg,https://www.youtube.com/watch?v=1UOglyuqs0U
@jocoding,"AI ë‰´ìŠ¤ - í˜„ì¡´ ìµœê°• SDXL ì¶œì‹œ, Gen-2 ì˜ìƒ í˜ëª…, êµ¬ê¸€ AI ë‘ë‡Œ ë¡œë´‡ ê³µê°œ, Adobe ì‹ ê¸°ëŠ¥ ë“±",https://img.youtube.com/vi/jGBx-Fnysp0/0.jpg,https://www.youtube.com/watch?v=jGBx-Fnysp0
@jocoding,ìµœì‹  íŒŒì´ì¬ ê¸°ì´ˆ - 5ê°• íŒŒì´ì¬ì˜ ì…ì¶œë ¥  | 2023 ì í”„ íˆ¬ íŒŒì´ì¬,https://img.youtube.com/vi/X3aj1akeCU4/0.jpg,https://www.youtube.com/watch?v=X3aj1akeCU4
@jocoding,"AI ë‰´ìŠ¤ - ëª¨ë“  ì§ì› AIì¸ ê²Œì„ íšŒì‚¬, ì• í”ŒGPT, LLaMA2, í•œêµ­ ìŠ¤íƒ€íŠ¸ì—… ì„¸ê³„ 1ë“±, Gen-2 ì• ë‹ˆë©”ì´ì…˜ ë“±",https://img.youtube.com/vi/6zvP8NVJZh4/0.jpg,https://www.youtube.com/watch?v=6zvP8NVJZh4
@jocoding,ì™€... AIë¥¼ ì´ë ‡ê²Œ í™œìš©í•œë‹¤êµ¬?ğŸ¤© || ì¸ê³µì§€ëŠ¥ìœ„í¬ 2023 ìŠ¤ì¼€ì¹˜ğŸ“¸,https://img.youtube.com/vi/EIyBOdo5IaQ/0.jpg,https://www.youtube.com/watch?v=EIyBOdo5IaQ
@jocoding,ìµœì‹  íŒŒì´ì¬ ê¸°ì´ˆ - 4ê°• í”„ë¡œê·¸ë¨ì˜ êµ¬ì¡°ë¥¼ ìŒ“ëŠ”ë‹¤! ì œì–´ë¬¸ | 2023 ì í”„ íˆ¬ íŒŒì´ì¬,https://img.youtube.com/vi/Sg33k9IVRr8/0.jpg,https://www.youtube.com/watch?v=Sg33k9IVRr8
@jocoding,ìš©ëˆ ë°›ìœ¼ë©° ìˆ˜ì—… ë“£ëŠ” ë©”íƒ€ë²„ìŠ¤ ì•„ì¹´ë°ë¯¸ êµìœ¡ìƒ ëª¨ì§‘ ì¤‘,https://img.youtube.com/vi/C9nbUDHkcFg/0.jpg,https://www.youtube.com/watch?v=C9nbUDHkcFg
@jocoding,ì¢‹ì½”ë”©2 ë¹„í•˜ì¸ë“œì˜ìƒ ã€ì‹œì¦Œ2ã€‘,https://img.youtube.com/vi/qCX6OMbtRuQ/0.jpg,https://www.youtube.com/watch?v=qCX6OMbtRuQ
@jocoding,"AI ë‰´ìŠ¤ - ìŠ¤í¬ë¦°ìƒ· to ì•±, AI ì—¬ìº , ì† ì •ë³µí•œ ë©”íƒ€ ì¹´ë©œë ˆì˜¨, GPT-4 ìœ ì¶œ, xAI ë“±",https://img.youtube.com/vi/UzmmaGdZxQQ/0.jpg,https://www.youtube.com/watch?v=UzmmaGdZxQQ
@jocoding,"ìµœì‹  íŒŒì´ì¬ ê¸°ì´ˆ - 3ê°• íŒŒì´ì¬ í”„ë¡œê·¸ë˜ë°ì˜ ê¸°ì´ˆ, ìë£Œí˜• (2) | 2023 ì í”„ íˆ¬ íŒŒì´ì¬",https://img.youtube.com/vi/09KG7YsGuv4/0.jpg,https://www.youtube.com/watch?v=09KG7YsGuv4
@jocoding,ì¢‹ì½”ë”©2 ëª°ì•„ë³´ê¸° ã€ì‹œì¦Œ2ã€‘,https://img.youtube.com/vi/TU3-hTh8Mw4/0.jpg,https://www.youtube.com/watch?v=TU3-hTh8Mw4
@jocoding,"AI ë‰´ìŠ¤ - ì±—GPT ë§í•˜ë‚˜?, ì´ˆì§€ëŠ¥, ê°œë°œì 5ë…„ë‚´ ì‚¬ë¼ì§„ë‹¤, 10ì–µ í† í°, 24ì‹œ AI TVì±„ë„ ë“±",https://img.youtube.com/vi/f3dvVfqZtXs/0.jpg,https://www.youtube.com/watch?v=f3dvVfqZtXs
@jocoding,1ì¸ AI ì—”ì§€ë‹ˆì–´ì˜ ì‹œëŒ€ê°€ ì‹œì‘ë˜ì—ˆìŠµë‹ˆë‹¤,https://img.youtube.com/vi/SSeF-JXVWwQ/0.jpg,https://www.youtube.com/watch?v=SSeF-JXVWwQ
@jocoding,"ìµœì‹  íŒŒì´ì¬ ê¸°ì´ˆ - 2ê°• íŒŒì´ì¬ í”„ë¡œê·¸ë˜ë°ì˜ ê¸°ì´ˆ, ìë£Œí˜• (1) | 2023 ì í”„ íˆ¬ íŒŒì´ì¬",https://img.youtube.com/vi/zAkAZjmnS3c/0.jpg,https://www.youtube.com/watch?v=zAkAZjmnS3c
@zuyoni1,ì‚¼ì„± ê°¤ëŸ­ì‹œë¶ 4 í”„ë¡œ 14ì¸ì¹˜ ì‚´ ë°”ì—ëŠ”... ì‚¬ê¸°ì „ì— ê¼­ ë³´ì„¸ìš” + í•´ì²´ì‘ˆ!,https://img.youtube.com/vi/0AxmO8YmJ5I/0.jpg,https://www.youtube.com/watch?v=0AxmO8YmJ5I
@zuyoni1,ë…¸íŠ¸ë¶ ì¸ìƒ ë‚œì œ! ë§¥ë¶ vs ìœˆë„ìš° ì°¨ì´ì  ë‡Œì— ë•Œë ¤ë°•ì•„(?)ë“œë¦¼ [ë‡Œì ˆí…Œí¬ 2í™”],https://img.youtube.com/vi/TQSsxSwTPJs/0.jpg,https://www.youtube.com/watch?v=TQSsxSwTPJs
@zuyoni1,ìœ íŠœë¸Œ í”„ë¦¬ë¯¸ì—„ êµ¬ë…ë£Œ ë¯¸ì¹œë“¯í•œ ì¸ìƒ... ë‹¤ë“¤ ì¸ë„ë¡œ ì´ë¯¼ ê°€ê² êµ°ìš”...(ì‹¸ê²Œ êµ¬ë…í•˜ëŠ” ë°©ë²•),https://img.youtube.com/vi/cA-6mly2Hzs/0.jpg,https://www.youtube.com/watch?v=cA-6mly2Hzs
@zuyoni1,ìµœì´ˆì˜ ê²½ê¸°ë„ê¶Œ ì• í”ŒìŠ¤í† ì–´! ì• í”Œ í•˜ë‚¨ ë‹¤ë…€ì™”ìŠµë‹ˆë‹¤ã…‹ã…‹ã…‹ í•˜ë‚¨ì—ì„œë§Œ ë°›ì„ ìˆ˜ ìˆëŠ” ê¸°ë…í’ˆ?!,https://img.youtube.com/vi/CdYBv7jSwoM/0.jpg,https://www.youtube.com/watch?v=CdYBv7jSwoM
@zuyoni1,í•´ì™¸ì—ì„œ í‚¹ê°“ì„±ë¹„ë¡œ ë¶ˆë¦¬ëŠ” ê°¤ëŸ­ì‹œS23 FE? 3ë…„ë§Œì— ëŒì•„ì˜¨ ì´ìœ ğŸ”¥ ì •ë¶€ì˜ í†µì‹ ë¹„ ì™„í™” ì •ì±…ì´ ì—¬ê¸°ì„œ ì™œ ë‚˜ì™€..?,https://img.youtube.com/vi/3a81wEDx4Kw/0.jpg,https://www.youtube.com/watch?v=3a81wEDx4Kw
@zuyoni1,ë‹¤ìŒì€ ìœ íŠœë¸Œê°€ ë ìˆ˜ë„? íŠ¸ìœ„ì¹˜ í•œêµ­ ì² ìˆ˜/ ë§ì‚¬ìš©ë£Œ? ì•„ë§ˆì¡´? ë„¤ì´ë²„ ê²Œì„ ìŠ¤íŠ¸ë¦¬ë° ì´ìŠˆ ì´ì •ë¦¬! (ft.ìŠ¤íŠ¸ë¦¬ë¨¸ ì¥ì§€ìˆ˜),https://img.youtube.com/vi/l9K6JQ-HxII/0.jpg,https://www.youtube.com/watch?v=l9K6JQ-HxII
@zuyoni1,ê°€ì„±ë¹„ ë¬´ì„ ì²­ì†Œê¸° ì•„ë¬´ê±°ë‚˜ ì‚¬ë©´ ì•ˆë˜ëŠ” ì´ìœ (ì²­ì†Œê¸° ê³ ë¥´ëŠ” ğŸ¯ê¿€íŒ ì•Œë ¤ë“œë¦¼) [ìì·¨ì˜ ì£¼ì—° 1í™”],https://img.youtube.com/vi/mCZGjRclDSE/0.jpg,https://www.youtube.com/watch?v=mCZGjRclDSE
@zuyoni1,ë‹¤XìŠ¨ ì‚¬ë†“ê³  ì•ˆ ëœ¯ì€ ì´ìœ . êµ­ì‚° ë“œë¼ì´ê¸° ì—¬ê¸°ê¹Œì§€ ì™”ë‹¤ê³ ? (êµ¬ë…ìì´ë²¤íŠ¸ğŸ),https://img.youtube.com/vi/oNN5HboudUg/0.jpg,https://www.youtube.com/watch?v=oNN5HboudUg
@zuyoni1,ì´ê²ƒì´ 249ë§Œì› ëª…í’ˆ ê°¤ëŸ­ì‹œ..?ğŸ‘€ ê°¤ëŸ­ì‹œZí”Œë¦½5 X ë©”ì¢… ë§ˆë¥´ì§€ì—˜ë¼ ì—ë””ì…˜ ì–¸ë°•ì‹±!,https://img.youtube.com/vi/7tq6oH2MuuU/0.jpg,https://www.youtube.com/watch?v=7tq6oH2MuuU
@zuyoni1,ë„ˆë¬´ ë‹¬ë¼ì ¸ì„œ ê¹œì§ ë†€ëìŠµë‹ˆë‹¤ ã„·ã„·;; ê°¤ëŸ­ì‹œ ì—…ë°ì´íŠ¸ í•˜ì„¸ìš”! One UI 6.0 ì´ì •ë¦¬,https://img.youtube.com/vi/gwMHc1zwWvw/0.jpg,https://www.youtube.com/watch?v=gwMHc1zwWvw
@zuyoni1,ì™„ì „íˆ ë°”ë€ë‹ˆë‹¤ã„·ã„· ê°¤ëŸ­ì‹œS24ì— íƒ‘ì¬ë  New ì¸ê³µì§€ëŠ¥ â€˜ê°€ìš°ìŠ¤â€™ ì •ì²´â€¦ ì‰½ê²Œ ì •ë¦¬í•´ ë´„,https://img.youtube.com/vi/gKcKfMK0Oos/0.jpg,https://www.youtube.com/watch?v=gKcKfMK0Oos
@zuyoni1,[#í˜¸ê¸°ì‹¬ë¦¬ë·°] ìì·¨ë°©ì— íŒì½˜ê¸°ê³„ë¥¼ ë“¤ì˜€ìŠµë‹ˆë‹¤..;; ê·¼ë° ì´ì œ ê°ë‹¹ì´ ì•ˆë¨,https://img.youtube.com/vi/A13TEH14fU0/0.jpg,https://www.youtube.com/watch?v=A13TEH14fU0
@zuyoni1,ê°¤ëŸ­ì‹œ ì“°ë©´ ì™•ë”°? ë„ˆë„¤ ì™œ ê·¸ë˜ ì§„ì§œ~ğŸ˜© ì™œ ê·¸ëŸ°ì§€ ë‡Œì ˆ í•´ë´¤ìŒğŸ¤© [ë‡Œì ˆí…Œí¬1í™”] (ğŸªì¿ í‚¤ì˜ìƒ ìˆìŒ),https://img.youtube.com/vi/FS2YDPrSN1Y/0.jpg,https://www.youtube.com/watch?v=FS2YDPrSN1Y
@zuyoni1,"ë„·í”Œë¦­ìŠ¤ ì •ì±…ë³€ê²½ ã„·ã„·;; ëª¨ë¥´ê³  ì“°ë‹¤ê°„ ì •ì§€ë‹¹í•œë‹¤? í‹°ë¹™, ì›¨ì´ë¸Œ, ë””ì¦ˆë‹ˆí”ŒëŸ¬ìŠ¤ê¹Œì§€ OTTê°€ê²©ë³€ê²½ ì‹¹ ëœ¯ì–´ë´¤ìŠµë‹ˆë‹¤",https://img.youtube.com/vi/QOnmJnnoX1o/0.jpg,https://www.youtube.com/watch?v=QOnmJnnoX1o
@zuyoni1,ë¹„ì—¼ì¸ì€ ì´ëŸ° ê±¸ ê¸°ë‹¤ë ¸ë‹¤...ìŠ¤ìŠ¤ë¡œ ì‚´ê· ë˜ëŠ” ê°€ìŠµê¸°;;,https://img.youtube.com/vi/6hLSB4O5hws/0.jpg,https://www.youtube.com/watch?v=6hLSB4O5hws
@zuyoni1,"ìŠ¤í˜ì´ìŠ¤ ë¸”ë™ ë§¥ë¶ ê¹œì§ê³µê°œğŸ ì‹ í˜• M3ë§¥ë¶í”„ë¡œ, M3ì•„ì´ë§¥ ì´ ì •ë¦¬! M1,M2ì—ì„œ ë„˜ì–´ê°ˆì§€ ê³ ë¯¼ëœë‹¤ë©´ ë³´ì„¸ìš”",https://img.youtube.com/vi/8wdAB5um5FM/0.jpg,https://www.youtube.com/watch?v=8wdAB5um5FM
@zuyoni1,"ì‹ ìƒ ë³´ìŠ¤QCìš¸íŠ¸ë¼, ì†Œë‹ˆ ëŒ€ì‹  ì‚´ë§Œ í• ê¹Œ? (ë””ìì¸, ì°©ìš©ê°, ìŒì§ˆ, ë…¸ì´ì¦ˆ ìº”ìŠ¬ë§, í†µí™” í’ˆì§ˆ, ë°°í„°ë¦¬) QC Ultra VS WH-1000XM5 ë¹„êµ ë¦¬ë·°",https://img.youtube.com/vi/hyvEVBzTcIQ/0.jpg,https://www.youtube.com/watch?v=hyvEVBzTcIQ
@zuyoni1,"ìƒˆë¡œìš´ ê°¤ëŸ­ì‹œ ë²„ì¦ˆFE ì‚¬ì™”ìŒ! ë²„ì¦ˆ2ë³´ë‹¤ ë‚˜ì„ê¹Œ? (ìŒì§ˆ, ë…¸ìº”, í†µí™”í’ˆì§ˆ, ì°©ìš©ê°, ë¬´ì„ ì¶©ì „ ëª½ë•… ë¹„êµ)",https://img.youtube.com/vi/0o5xNAXb3lA/0.jpg,https://www.youtube.com/watch?v=0o5xNAXb3lA
@zuyoni1,ì´ê±° ëª¨ë¥´ê³  ì“°ë©´ ì ˆë°˜ì€ ì†í•´ë³´ëŠ” ê²ë‹ˆë‹¤? 15/15í”„ë¡œ ì“´ë‹¤ë©´ ë°˜ë“œì‹œ ì•Œì•„ì•¼ í•  10ê°€ì§€!,https://img.youtube.com/vi/z5CCD9kLCas/0.jpg,https://www.youtube.com/watch?v=z5CCD9kLCas
@zuyoni1,ê°¤ëŸ­ì‹œS24 ë°˜ê°€ìš´ ì†Œì‹ë“¤! í‹°íƒ€ëŠ„/ 1.5ì–µí™”ì†Œ/ ë°°í„°ë¦¬ì‹ ê¸°ìˆ / ë” ê°ì§€ê²Œ! ê·¸ëŸ°ë° ì—‘ì‹œë…¸ìŠ¤ ì»´ë°±?,https://img.youtube.com/vi/qovrfNJIbIQ/0.jpg,https://www.youtube.com/watch?v=qovrfNJIbIQ
@zuyoni1,"ì•„ì´í°15 ì¼ë°˜ìœ¼ë¡œë„ ì¶©ë¶„í• ê¹Œ? ì¼ë°˜VSí”„ë¡œ ì°¨ì´ì &ì„±ëŠ¥,ë°œì—´í…ŒìŠ¤íŠ¸ê¹Œì§€!",https://img.youtube.com/vi/jnGFSJMVW7k/0.jpg,https://www.youtube.com/watch?v=jnGFSJMVW7k
@zuyoni1,ì•„ì´í°15 í‹°íƒ€ëŠ„ ë³´í˜¸ë ¥ ê¹¡íŒ¨?! ì¼€ì´ìŠ¤í‹°íŒŒì´ ì‹ ì œí’ˆ ë¦¬ë·° & ë¯¸êµ­ì—ì„œ íŒ€ì¿¡ ë§Œë‚œ ì° í’‰ë‹ˆë‹¤ğŸ¤© (êµ¬ë…ì ì´ë²¤íŠ¸),https://img.youtube.com/vi/wl9PQWh1bbU/0.jpg,https://www.youtube.com/watch?v=wl9PQWh1bbU
@zuyoni1,ì•„ì´í°15í”„ë¡œ vs 14í”„ë¡œ ê³ ë¯¼ ëë‚´ë“œë¦´ê²Œìš” (ë°˜ì „ì˜ ê²°ê³¼ê°€â€¦),https://img.youtube.com/vi/w1qRh_Rd7ho/0.jpg,https://www.youtube.com/watch?v=w1qRh_Rd7ho
@zuyoni1,"ì•„ì´í°15í”„ë¡œ ì™œ ì´ëŸ¬ì£ .. ë°œì—´ 1ì‹œê°„ í…ŒìŠ¤íŠ¸, ë‚´êµ¬ì„±, ë°°í„°ë¦¬, ê³ ìŠ¤íŠ¸í˜„ìƒ ëª½ë•… í™•ì¸!",https://img.youtube.com/vi/oJ8nVp0JsDw/0.jpg,https://www.youtube.com/watch?v=oJ8nVp0JsDw
@zuyoni1,ì•„ì´í°15í”„ë¡œ ì–¸ë°•ì‹±! í‹°íƒ€ëŠ„ ë³€ìƒ‰? ì•„ì´í° Cíƒ€ì…ì˜ ìœ„ë ¥ê¹Œì§€ ì§ì ‘ í™•ì¸í•´ë´¤ìŠµë‹ˆë‹¤ğŸ¤© [ì œí’ˆì œê³µ],https://img.youtube.com/vi/tCXp2ejsSHc/0.jpg,https://www.youtube.com/watch?v=tCXp2ejsSHc
@zuyoni1,ì—ì–´íŒŸí”„ë¡œ2 ë–¡ìƒí•œë‹¤ìº¤ì–ì•„~~ iOS17 ì—ì–´íŒŸ ì‹ ê¸°ëŠ¥ ì œëŒ€ë¡œ ì•Œê³  ì¨ë³´ì!,https://img.youtube.com/vi/0OLKZjhrRXc/0.jpg,https://www.youtube.com/watch?v=0OLKZjhrRXc
@zuyoni1,ì•„ì´í°15ì‹œë¦¬ì¦ˆ êµ¬ë§¤ ê³ ë¯¼? ë¯¸êµ­ì—ì„œ ì§ì ‘ ë³´ê³  ì˜¨ ì…ì¥ì—ì„œ ì† ì‹œì›íˆ í„¸ì–´ë“œë¦½ë‹ˆë‹¤ã…‹ã…‹,https://img.youtube.com/vi/5OOv3H22zF4/0.jpg,https://www.youtube.com/watch?v=5OOv3H22zF4
@zuyoni1,"(ENG) ì „ë¶€ ë‹¤ ë³´ì—¬ë“œë¦´ê²Œìš”. ì•„ì´í°15, 15í”„ë¡œ, ì• í”Œì›Œì¹˜9 ì‹¤ë¬¼, ê¸°ëŠ¥, ìŠ¤í™ ì´ì •ë¦¬!",https://img.youtube.com/vi/4aYF7k7UxEM/0.jpg,https://www.youtube.com/watch?v=4aYF7k7UxEM
@zuyoni1,í´ë“œ5 í•œë‹¬ í›„ê¸°: ê°ˆë°ê¹Œì§€ ê°„ í´ë“œ. ì¡´ë²„ ëë‚¼ ë•Œ ëë‹¤? (í‹€ìë§ˆì ê²°ë¡  ë‚˜ì™€ìš”ã…‹ã…‹ã…‹),https://img.youtube.com/vi/ih52KxSylZ0/0.jpg,https://www.youtube.com/watch?v=ih52KxSylZ0
@zuyoni1,"ê³ ê¸‰ê° ë¯¸ì³¤ë‹¤..2ë…„ë§Œì— ëŒì•„ì˜¨ í†°ë¸Œë¼ìš´ í´ë“œ5, ê°¤ëŸ­ì‹œì›Œì¹˜6 ì–¸ë°•ì‹±! (Galaxy Z Fold5, Watch6 Thom Browne edition Unboxing)",https://img.youtube.com/vi/JiK2NQDWXvg/0.jpg,https://www.youtube.com/watch?v=JiK2NQDWXvg
